-- phpMyAdmin SQL Dump
-- version 4.0.10deb1
-- http://www.phpmyadmin.net
--
-- Host: localhost
-- Generation Time: Dec 29, 2015 at 08:44 PM
-- Server version: 5.5.46-0ubuntu0.14.04.2
-- PHP Version: 5.5.9-1ubuntu4.14

SET SQL_MODE = "NO_AUTO_VALUE_ON_ZERO";
SET time_zone = "+00:00";


/*!40101 SET @OLD_CHARACTER_SET_CLIENT=@@CHARACTER_SET_CLIENT */;
/*!40101 SET @OLD_CHARACTER_SET_RESULTS=@@CHARACTER_SET_RESULTS */;
/*!40101 SET @OLD_COLLATION_CONNECTION=@@COLLATION_CONNECTION */;
/*!40101 SET NAMES utf8 */;

--
-- Database: `g2moku`
--

-- --------------------------------------------------------

--
-- Table structure for table `game`
--

CREATE TABLE IF NOT EXISTS `game` (
  `Game_ID` int(11) NOT NULL AUTO_INCREMENT,
  `PublicGame_ID` varchar(100) DEFAULT NULL,
  `Player_ID` int(11) NOT NULL,
  `gameStart` timestamp NULL DEFAULT NULL,
  `gameEnd` timestamp NULL DEFAULT NULL,
  `gameMode` varchar(100) NOT NULL,
  `Winner_ID` int(11) DEFAULT NULL,
  PRIMARY KEY (`Game_ID`),
  KEY `idx_Game_Winner_ID` (`Winner_ID`)
) ENGINE=InnoDB  DEFAULT CHARSET=utf8 AUTO_INCREMENT=112 ;

--
-- Dumping data for table `game`
--

INSERT INTO `game` (`Game_ID`, `PublicGame_ID`, `Player_ID`, `gameStart`, `gameEnd`, `gameMode`, `Winner_ID`) VALUES
(21, 'MQMIMQNMM5bFZI.1450240405371', 6, '2015-12-16 04:33:25', NULL, 'playerVSplayer', NULL),
(22, 'MQMIMYMAN5cRcQ.1450240670035', 8, '2015-12-16 04:37:50', NULL, 'playerVSplayer', NULL),
(23, 'MQMINEOMN5Yta0.1450245178397', 10, '2015-12-16 05:52:58', NULL, 'playerVSplayer', NULL),
(24, 'MQMINcOIN5bFZI.1450245709297', 14, '2015-12-16 06:01:49', NULL, 'playerVSplayer', NULL),
(25, 'MQMINgNkM5bFZI.1450245896973', 16, '2015-12-16 06:04:56', NULL, 'playerVSplayer', NULL),
(26, 'MQMINYNUN5bFZI.1450246617506', 18, '2015-12-16 06:16:57', NULL, 'playerVSplayer', NULL),
(27, 'MQMINcNgM5bFZI.1450246737812', 20, '2015-12-16 06:18:57', NULL, 'playerVSplayer', NULL),
(28, 'MQMINkOkO5bFZI.1450246918939', 22, '2015-12-16 06:21:58', NULL, 'playerVSplayer', NULL),
(29, 'MQMINAMYO5bFZI.1450247031649', 24, '2015-12-16 06:23:51', NULL, 'playerVSplayer', NULL),
(30, 'MQMINENIM5bFZI.1450247114281', 26, '2015-12-16 06:25:14', NULL, 'playerVSplayer', NULL),
(31, 'MQMININEM5bFZI.1450247234111', 28, '2015-12-16 06:27:14', NULL, 'playerVSplayer', NULL),
(32, 'MQMINMMkM5bFZI.1450247393961', 30, '2015-12-16 06:29:53', NULL, 'playerVSplayer', NULL),
(33, 'MQMINgMQN5cRZJ.1450247880404', 32, '2015-12-16 06:38:00', NULL, 'playerVSplayer', NULL),
(34, 'MQMIOAOUO5bFZI.1450248099528', 34, '2015-12-16 06:41:39', NULL, 'playerVSplayer', NULL),
(35, 'MQMIOIOEN5bFZI.1450248208146', 36, '2015-12-16 06:43:28', NULL, 'playerVSplayer', NULL),
(36, 'MQMIOINUN5bFZI.1450248254564', 38, '2015-12-16 06:44:14', NULL, 'playerVSplayer', NULL),
(37, 'MQMIOMMEN5bFZI.1450248363146', 40, '2015-12-16 06:46:03', NULL, 'playerVSplayer', NULL),
(38, 'MQMIOUMIO5bFZI.1450248520219', 42, '2015-12-16 06:48:40', NULL, 'playerVSplayer', NULL),
(39, 'MQMIOYOQM5bFZI.1450248618461', 44, '2015-12-16 06:50:18', NULL, 'playerVSplayer', NULL),
(40, 'MQMIOcNcN5bFZI.1450248767775', 48, '2015-12-16 06:52:47', NULL, 'playerVSplayer', NULL),
(41, 'MQMIOgNIN5bFZI.1450248804237', 50, '2015-12-16 06:53:24', NULL, 'playerVSplayer', NULL),
(42, 'MQMIOcNcN5bFZI.1450249747797', 52, '2015-12-16 07:09:07', NULL, 'playerVSplayer', NULL),
(43, 'MQMIOgMcO5bFZI.1450249823708', 54, '2015-12-16 07:10:23', NULL, 'playerVSplayer', NULL),
(44, 'MQMIOgMcM5bFZI.1450249890733', 56, '2015-12-16 07:11:30', NULL, 'playerVSplayer', NULL),
(45, 'MQMINIMAO5bFZI.1450254210058', 58, '2015-12-16 08:23:30', NULL, 'playerVSplayer', NULL),
(46, 'MQMINYMgM5bFZI.1450257691821', 60, '2015-12-16 09:21:31', NULL, 'playerVSplayer', NULL),
(47, 'MQMINgOAO5bFZI.1450257828068', 62, '2015-12-16 09:23:48', NULL, 'playerVSplayer', NULL),
(48, 'MQMINkMIM5bFZI.1450257921220', 64, '2015-12-16 09:25:21', NULL, 'playerVSplayer', NULL),
(49, 'MQMIMQOEN5bFZI.1450271459104', 66, '2015-12-16 13:10:59', NULL, 'playerVSplayer', NULL),
(50, 'MQMIMUNIM5bFZI.1450271534231', 68, '2015-12-16 13:12:14', NULL, 'playerVSplayer', NULL),
(51, 'MQMIMEMkN5bFZI.1450272131935', 70, '2015-12-16 13:22:11', NULL, 'playerVSplayer', NULL),
(52, 'MQMIMINEM5bFZI.1450272237140', 72, '2015-12-16 13:23:57', NULL, 'playerVSplayer', NULL),
(53, 'MQMIMINAN5bFZI.1450272265067', 74, '2015-12-16 13:24:25', NULL, 'playerVSplayer', NULL),
(54, 'MQMIMMMAO5bFZI.1450272322009', 76, '2015-12-16 13:25:22', NULL, 'playerVSplayer', NULL),
(55, 'MQMIMQMUM5bFZI.1450272443553', 80, '2015-12-16 13:27:23', NULL, 'playerVSplayer', NULL),
(56, 'MQMIMQMkM5bFZI.1450272470923', 82, '2015-12-16 13:27:50', NULL, 'playerVSplayer', NULL),
(57, 'MQMIMUNMN5bFZI.1450272555344', 84, '2015-12-16 13:29:15', NULL, 'playerVSplayer', NULL),
(58, 'MQMIMYMMM5bFZI.1450272682320', 88, '2015-12-16 13:31:22', NULL, 'playerVSplayer', NULL),
(59, 'MQMIMcOIN5bFZI.1450272708265', 90, '2015-12-16 13:31:48', NULL, 'playerVSplayer', NULL),
(60, 'dfd.1450305959244', 94, '2015-12-16 22:45:59', NULL, 'playerVSplayer', NULL),
(61, 'MQMMNENQN5bFZI.1450306165486', 100, '2015-12-16 22:49:25', NULL, 'playerVSplayer', NULL),
(62, 'MQMMMANIM5bFZI.1450311026243', 102, '2015-12-17 00:10:26', NULL, 'playerVSplayer', NULL),
(63, 'MQMMMINQM5bFZI.1450312227491', 104, '2015-12-17 00:30:27', NULL, 'playerVSplayer', NULL),
(64, 'MQMMOEMEM5Yta0.1450319172142', 106, '2015-12-17 02:26:12', NULL, 'playerVSplayer', NULL),
(65, 'MQMMOUMMM5bFZI.1450319543390', 108, '2015-12-17 02:32:23', NULL, 'playerVSplayer', NULL),
(66, 'MQMMMINEN5bFZI.1450320235114', 110, '2015-12-17 02:43:55', NULL, 'playerVSplayer', NULL),
(67, 'MQMMMUOYM5bFZI.1450320549610', 112, '2015-12-17 02:49:09', NULL, 'playerVSplayer', NULL),
(68, 'MQMMMYNUO5bFZI.1450321677579', 116, '2015-12-17 03:07:57', NULL, 'playerVSplayer', NULL),
(69, 'MQMMMcMcN5bFZI.1450321732756', 118, '2015-12-17 03:08:52', NULL, 'playerVSplayer', NULL),
(70, 'MQMMMMNkM5bFZI.1450322344932', 120, '2015-12-17 03:19:04', NULL, 'playerVSplayer', NULL),
(71, 'MQMMMQNQN5bFZI.1450322496486', 122, '2015-12-17 03:21:36', NULL, 'playerVSplayer', NULL),
(72, 'MQMMMUOAM5bFZI.1450322548003', 124, '2015-12-17 03:22:28', NULL, 'playerVSplayer', NULL),
(73, 'MQMMMYMMM5bFZI.1450322640352', 126, '2015-12-17 03:24:00', NULL, 'playerVSplayer', NULL),
(74, 'MQMMMEMkN5bFZI.1450323151907', 128, '2015-12-17 03:32:31', NULL, 'playerVSplayer', NULL),
(75, 'MQMMMENgM5bFZI.1450323195831', 130, '2015-12-17 03:33:15', NULL, 'playerVSplayer', NULL),
(76, 'MQMMMcMIN5bFZI.1450323712254', 132, '2015-12-17 03:41:52', '2015-12-17 03:42:10', 'playerVSplayer', NULL),
(77, 'MQMMNUNEN5bFZI.1450324597107', 134, '2015-12-17 03:56:38', NULL, 'playerVSplayer', NULL),
(78, 'MQMMNYMAN5bFZI.1450324680025', 136, '2015-12-17 03:58:01', NULL, 'playerVSplayer', NULL),
(79, 'MQMMNYOIN5bFZI.1450324698237', 138, '2015-12-17 03:58:20', NULL, 'playerVSplayer', NULL),
(80, 'MQMMNgOEO5bFZI.1450324838179', 140, '2015-12-17 04:00:39', '2015-12-17 04:01:22', 'playerVSplayer', NULL),
(81, 'MQMMNININ5bFZI.1450325257247', 144, NULL, NULL, 'playerVSplayer', NULL),
(82, 'MQMMNMMYO5bFZI.1450325392699', 146, '2015-12-17 04:09:55', '2015-12-17 04:10:15', 'playerVSplayer', NULL),
(83, 'MQMMNYMkO5bFZI.1450325663929', 148, '2015-12-17 04:14:26', NULL, 'playerVSplayer', NULL),
(84, 'MQMMNMMkN5bFZI.1450326342925', 150, '2015-12-17 04:25:44', '2015-12-17 04:26:05', 'playerVSplayer', 151),
(85, 'MQMMNgMkM5bFZI.1450326832942', 152, NULL, NULL, 'playerVSplayer', NULL),
(86, 'MQMMNkNMN5bFZI.1450326917344', 154, NULL, NULL, 'playerVSplayer', NULL),
(87, 'MQMMNkNkN5bFZI.1450326986935', 156, '2015-12-17 04:36:35', NULL, 'playerVSplayer', NULL),
(88, 'MQMMOMOQO5bFZI.1450329379429', 158, '2015-12-17 05:16:21', '2015-12-17 05:16:44', 'playerVSplayer', 159),
(89, 'MQMMOUNMN5bFZI.1450329514326', 160, '2015-12-17 05:21:49', NULL, 'playerVSplayer', NULL),
(94, 'MQMMMENYO5bFZI.1450331165688', 170, '2015-12-17 05:46:07', NULL, 'playerVSplayer', NULL),
(95, 'M1MTM25GZtESbqNEaj0.1450331182063', 172, '2015-12-17 05:46:24', NULL, 'playerVSplayer', NULL),
(96, 'MMMNMbZMNbZIadUeLMWadYYJYc.1450331227243', 175, '2015-12-17 05:47:10', '2015-12-17 05:48:32', 'playerVSplayer', 175),
(97, 'MQMMMQMUN5bFZI.1450331413506', 179, '2015-12-17 05:50:16', NULL, 'playerVSplayer', NULL),
(98, 'MQMMNkMAM5bFZI.1450337932041', 181, '2015-12-17 07:38:53', NULL, 'playerVSplayer', NULL),
(99, 'MMNMMbZNObZIadUeLOWadYYJYc.1450347793731', 183, '2015-12-17 10:23:15', NULL, 'playerVSplayer', NULL),
(100, 'MQMMOEOkN5bFZI.1450349168984', 187, '2015-12-17 10:46:48', NULL, 'playerVSplayer', NULL),
(101, 'MQMMOINEM5bFZI.1450349257172', 189, '2015-12-17 10:47:40', NULL, 'playerVSplayer', NULL),
(102, 'MQMMOYMcO5bFZI.1450349631739', 191, NULL, NULL, 'playerVSplayer', NULL),
(103, 'MQMMOYOIO5bFZI.1450349659228', 193, '2015-12-17 10:54:20', NULL, 'playerVSplayer', NULL),
(104, 'MQMMMAOcO5bFZI.1450350069768', 195, NULL, NULL, 'playerVSplayer', NULL),
(105, 'MQMMMANIM5bFZI.1450350094202', 197, '2015-12-17 11:01:35', NULL, 'playerVSplayer', NULL),
(106, 'MQMMMEMIM5bFZI.1450350131231', 199, '2015-12-17 11:02:12', NULL, 'playerVSplayer', NULL),
(107, 'MQMMMENcN5bFZI.1450350175744', 201, '2015-12-17 11:02:57', '2015-12-17 11:04:15', 'playerVSplayer', 201),
(108, 'MQMMMgNUM5bFZI.1450350895503', 203, '2015-12-17 11:14:56', '2015-12-17 11:15:17', 'playerVSplayer', 204),
(109, 'MQMMMEOIM5cRcR.1450351109272', 205, '2015-12-17 11:18:30', '2015-12-17 11:18:45', 'playerVSplayer', 206),
(110, 'MQMMMYNIN5ZdZd.1450351685225', 207, '2015-12-17 11:28:06', NULL, 'playerVSplayer', NULL),
(111, 'MQMMMcMkM5Yta0.1450351763920', 209, '2015-12-17 11:29:27', NULL, 'playerVSplayer', NULL);

-- --------------------------------------------------------

--
-- Table structure for table `game_room`
--

CREATE TABLE IF NOT EXISTS `game_room` (
  `Game_room_ID` int(11) NOT NULL,
  `Room_name` varchar(60) CHARACTER SET latin1 NOT NULL,
  `Game_ID` int(11) NOT NULL,
  `gameStart` timestamp NOT NULL DEFAULT CURRENT_TIMESTAMP ON UPDATE CURRENT_TIMESTAMP,
  `Player1_id` int(11) NOT NULL,
  `Player2_id` int(11) NOT NULL,
  `gameEnd` timestamp NOT NULL DEFAULT '0000-00-00 00:00:00',
  `Winner_ID` int(11) NOT NULL,
  PRIMARY KEY (`Game_room_ID`),
  UNIQUE KEY `TC_Game_room_Player1_id` (`Player1_id`),
  UNIQUE KEY `TC_Game_room_Winner_ID` (`Winner_ID`),
  UNIQUE KEY `TC_Game_room_Game_ID` (`Game_ID`),
  UNIQUE KEY `TC_Game_room_Player2_id` (`Player2_id`)
) ENGINE=InnoDB DEFAULT CHARSET=utf8;

-- --------------------------------------------------------

--
-- Table structure for table `game_tile`
--

CREATE TABLE IF NOT EXISTS `game_tile` (
  `Game_Tile_ID` int(11) NOT NULL,
  `Name` varchar(60) CHARACTER SET latin1 NOT NULL,
  `Game_Tile_Image` varchar(255) CHARACTER SET latin1 NOT NULL,
  `Can_move` tinyint(1) NOT NULL,
  PRIMARY KEY (`Game_Tile_ID`)
) ENGINE=InnoDB DEFAULT CHARSET=utf8;

-- --------------------------------------------------------

--
-- Table structure for table `game_tile_image`
--

CREATE TABLE IF NOT EXISTS `game_tile_image` (
  `Game_Tile_Image_ID` int(11) NOT NULL,
  `Game_Tile_ID` int(11) NOT NULL,
  `Path` varchar(255) CHARACTER SET latin1 NOT NULL,
  `Tile_size` varchar(100) CHARACTER SET latin1 NOT NULL,
  PRIMARY KEY (`Game_Tile_Image_ID`),
  KEY `idx_Game_Tile_Image_tile_id` (`Game_Tile_ID`)
) ENGINE=InnoDB DEFAULT CHARSET=utf8;

-- --------------------------------------------------------

--
-- Table structure for table `game_world`
--

CREATE TABLE IF NOT EXISTS `game_world` (
  `Game_World_ID` int(11) NOT NULL,
  `Game_ID` int(11) DEFAULT NULL,
  `Player_opponent_games_ID` int(11) DEFAULT NULL,
  `World_name` varchar(60) CHARACTER SET latin1 NOT NULL,
  `World_size` varchar(255) CHARACTER SET latin1 NOT NULL,
  PRIMARY KEY (`Game_World_ID`),
  KEY `idx_Game_World_Player_opponent_games_ID` (`Player_opponent_games_ID`),
  KEY `idx_Game_ID` (`Game_ID`)
) ENGINE=InnoDB DEFAULT CHARSET=utf8;

-- --------------------------------------------------------

--
-- Table structure for table `game_world_tiles`
--

CREATE TABLE IF NOT EXISTS `game_world_tiles` (
  `Game_World_Tile_ID` int(11) NOT NULL,
  `Game_Tile_ID` int(11) NOT NULL,
  `Game_World_ID` int(11) NOT NULL,
  `Game_World_X` int(11) NOT NULL,
  `Game_World_Y` int(11) NOT NULL,
  PRIMARY KEY (`Game_World_Tile_ID`),
  KEY `idx_Game_World_Tile_ID` (`Game_Tile_ID`),
  KEY `FK_Game_World_ID` (`Game_World_ID`)
) ENGINE=InnoDB DEFAULT CHARSET=utf8;

-- --------------------------------------------------------

--
-- Table structure for table `player`
--

CREATE TABLE IF NOT EXISTS `player` (
  `Player_ID` int(11) NOT NULL AUTO_INCREMENT,
  `Username` varchar(60) CHARACTER SET latin1 NOT NULL,
  `playingName` varchar(150) NOT NULL,
  `Password` varchar(30) CHARACTER SET latin1 DEFAULT NULL,
  `E_mail` varchar(60) CHARACTER SET latin1 DEFAULT NULL,
  `Avatar` varchar(255) CHARACTER SET latin1 DEFAULT NULL,
  PRIMARY KEY (`Player_ID`),
  UNIQUE KEY `AK_Player_Username` (`Username`),
  UNIQUE KEY `idx_Username` (`Username`)
) ENGINE=InnoDB  DEFAULT CHARSET=utf8 AUTO_INCREMENT=211 ;

--
-- Dumping data for table `player`
--

INSERT INTO `player` (`Player_ID`, `Username`, `playingName`, `Password`, `E_mail`, `Avatar`) VALUES
(1, 'sd', 'Player-9545', NULL, NULL, NULL),
(2, '', 'Player-0727', NULL, NULL, NULL),
(4, 'Player-1450240144611', 'Player-2644', NULL, NULL, NULL),
(5, 'Player-1450240144616', 'Player-2649', NULL, NULL, NULL),
(6, 'Player-1450240404311', 'Player-2095', NULL, NULL, NULL),
(7, 'Player-1450240404318', 'Player-2100', NULL, NULL, NULL),
(8, 'Player-1450240668989', 'asdasd', NULL, NULL, NULL),
(9, 'Player-1450240668990', 'hfghfgh', NULL, NULL, NULL),
(10, 'Player-1450245177347', 'Maksim', NULL, NULL, NULL),
(11, 'Player-1450245177348', 'Maksim2', NULL, NULL, NULL),
(12, 'Player-1450245663020', 'Player-0134', NULL, NULL, NULL),
(13, 'Player-1450245663025', 'Player-0140', NULL, NULL, NULL),
(14, 'Player-1450245708233', 'Player-6093', NULL, NULL, NULL),
(15, 'Player-1450245708239', 'Player-6098', NULL, NULL, NULL),
(16, 'Player-1450245895909', 'Player-7761', NULL, NULL, NULL),
(17, 'Player-1450245895914', 'Player-7766', NULL, NULL, NULL),
(18, 'Player-1450246616444', 'Player-4405', NULL, NULL, NULL),
(19, 'Player-1450246616448', 'Player-4411', NULL, NULL, NULL),
(20, 'Player-1450246736746', 'Player-4537', NULL, NULL, NULL),
(21, 'Player-1450246736751', 'Player-4542', NULL, NULL, NULL),
(22, 'Player-1450246917883', 'Player-4256', NULL, NULL, NULL),
(23, 'Player-1450246917887', 'Player-4261', NULL, NULL, NULL),
(24, 'Player-1450247030593', 'Player-8258', NULL, NULL, NULL),
(25, 'Player-1450247030598', 'Player-8263', NULL, NULL, NULL),
(26, 'Player-1450247113219', 'Player-1198', NULL, NULL, NULL),
(27, 'Player-1450247113225', 'Player-1204', NULL, NULL, NULL),
(28, 'Player-1450247233041', 'Player-0906', NULL, NULL, NULL),
(29, 'Player-1450247233047', 'Player-0911', NULL, NULL, NULL),
(30, 'Player-1450247392895', 'Player-0610', NULL, NULL, NULL),
(31, 'Player-1450247392900', 'Player-0615', NULL, NULL, NULL),
(32, 'Player-1450247879322', 'asdfg', NULL, NULL, NULL),
(33, 'Player-1450247879327', '5rtyrty', NULL, NULL, NULL),
(34, 'Player-1450248098473', 'Player-5706', NULL, NULL, NULL),
(35, 'Player-1450248098474', 'Player-5711', NULL, NULL, NULL),
(36, 'Player-1450248207082', 'Player-4965', NULL, NULL, NULL),
(37, 'Player-1450248207086', 'Player-4969', NULL, NULL, NULL),
(38, 'Player-1450248253502', 'Player-1303', NULL, NULL, NULL),
(39, 'Player-1450248253507', 'Player-1312', NULL, NULL, NULL),
(40, 'Player-1450248362080', 'Player-9802', NULL, NULL, NULL),
(41, 'Player-1450248362085', 'Player-9807', NULL, NULL, NULL),
(42, 'Player-1450248519158', 'Player-7046', NULL, NULL, NULL),
(43, 'Player-1450248519163', 'Player-7051', NULL, NULL, NULL),
(44, 'Player-1450248617289', 'Player-5099', NULL, NULL, NULL),
(45, 'Player-1450248617293', 'Player-5103', NULL, NULL, NULL),
(46, 'Player-1450248665625', 'ghfgh', NULL, NULL, NULL),
(48, 'Player-1450248766711', 'Player-4688', NULL, NULL, NULL),
(49, 'Player-1450248766715', 'Player-4693', NULL, NULL, NULL),
(50, 'Player-1450248803180', 'Player-1276', NULL, NULL, NULL),
(51, 'Player-1450248803185', 'Player-1280', NULL, NULL, NULL),
(52, 'Player-1450249746723', 'Player-4741', NULL, NULL, NULL),
(53, 'Player-1450249746730', 'Player-4746', NULL, NULL, NULL),
(54, 'Player-1450249822652', 'Player-0170', NULL, NULL, NULL),
(55, 'Player-1450249822656', 'Player-0175', NULL, NULL, NULL),
(56, 'Player-1450249889677', 'Player-7633', NULL, NULL, NULL),
(57, 'Player-1450249889682', 'Player-7638', NULL, NULL, NULL),
(58, 'Player-1450254209007', 'Player-7633', NULL, NULL, NULL),
(59, 'Player-1450254209008', 'Player-7638', NULL, NULL, NULL),
(60, 'Player-1450257690765', 'Player-8602', NULL, NULL, NULL),
(61, 'Player-1450257690771', 'Player-8606', NULL, NULL, NULL),
(62, 'Player-1450257827013', 'Player-4056', NULL, NULL, NULL),
(63, 'Player-1450257827018', 'Player-4063', NULL, NULL, NULL),
(64, 'Player-1450257920158', 'Player-7971', NULL, NULL, NULL),
(65, 'Player-1450257920163', 'Player-7976', NULL, NULL, NULL),
(66, 'Player-1450271458022', 'Player-5472', NULL, NULL, NULL),
(67, 'Player-1450271458029', 'Player-5477', NULL, NULL, NULL),
(68, 'Player-1450271533174', 'Player-1217', NULL, NULL, NULL),
(69, 'Player-1450271533179', 'Player-1222', NULL, NULL, NULL),
(70, 'Player-1450272130867', 'Player-8667', NULL, NULL, NULL),
(71, 'Player-1450272130873', 'Player-8673', NULL, NULL, NULL),
(72, 'Player-1450272236076', 'Player-4263', NULL, NULL, NULL),
(73, 'Player-1450272236081', 'Player-4268', NULL, NULL, NULL),
(74, 'Player-1450272264015', 'Player-4263', NULL, NULL, NULL),
(75, 'Player-1450272264016', 'Player-4268', NULL, NULL, NULL),
(76, 'Player-1450272320953', 'Player-8891', NULL, NULL, NULL),
(77, 'Player-1450272320958', 'Player-8897', NULL, NULL, NULL),
(78, 'Player-1450272345533', 'Player-8891', NULL, NULL, NULL),
(80, 'Player-1450272442500', 'Player-5639', NULL, NULL, NULL),
(81, 'Player-1450272442506', 'Player-5644', NULL, NULL, NULL),
(82, 'Player-1450272469875', 'Player-5639', NULL, NULL, NULL),
(83, 'Player-1450272469876', 'Player-5644', NULL, NULL, NULL),
(84, 'Player-1450272554281', 'Player-1910', NULL, NULL, NULL),
(85, 'Player-1450272554286', 'Player-1915', NULL, NULL, NULL),
(86, 'Player-1450272582659', 'Player-1910', NULL, NULL, NULL),
(88, 'Player-1450272681269', 'Player-4195', NULL, NULL, NULL),
(89, 'Player-1450272681271', 'Player-4197', NULL, NULL, NULL),
(90, 'Player-1450272707220', 'Player-4195', NULL, NULL, NULL),
(91, 'Player-1450272707219', 'Player-4197', NULL, NULL, NULL),
(92, 'Player-1450305813095', 'Player-0983', NULL, NULL, NULL),
(93, 'Player-1450305813085', 'Player-0976', NULL, NULL, NULL),
(94, 'Player-1450305958190', 'Player-6144', NULL, NULL, NULL),
(95, 'Player-1450305958198', 'Player-6152', NULL, NULL, NULL),
(96, 'Player-1450306051687', 'Player-8838', NULL, NULL, NULL),
(98, 'Player-1450306071263', 'Player-9126', NULL, NULL, NULL),
(99, 'Player-1450306071269', 'Player-9136', NULL, NULL, NULL),
(100, 'Player-1450306164421', 'Player-2450', NULL, NULL, NULL),
(101, 'Player-1450306164422', 'Player-2455', NULL, NULL, NULL),
(102, 'Player-1450311025029', 'Player-2712', NULL, NULL, NULL),
(103, 'Player-1450311025030', 'Player-2716', NULL, NULL, NULL),
(104, 'Player-1450312226441', 'Player-2864', NULL, NULL, NULL),
(105, 'Player-1450312226438', 'Player-2868', NULL, NULL, NULL),
(106, 'Player-1450319170987', 'Maksim', NULL, NULL, NULL),
(107, 'Player-1450319170983', 'Botas', NULL, NULL, NULL),
(108, 'Player-1450319542350', 'Player-8071', NULL, NULL, NULL),
(109, 'Player-1450319542343', 'Player-8075', NULL, NULL, NULL),
(110, 'Player-1450320234049', 'Player-0495', NULL, NULL, NULL),
(111, 'Player-1450320234050', 'Player-0498', NULL, NULL, NULL),
(112, 'Player-1450320548549', 'Player-6380', NULL, NULL, NULL),
(113, 'Player-1450320548556', 'Player-6385', NULL, NULL, NULL),
(114, 'Player-1450321638551', 'Player-5920', NULL, NULL, NULL),
(116, 'Player-1450321676525', 'Player-4389', NULL, NULL, NULL),
(117, 'Player-1450321676524', 'Player-4398', NULL, NULL, NULL),
(118, 'Player-1450321731696', 'Player-9699', NULL, NULL, NULL),
(119, 'Player-1450321731703', 'Player-9704', NULL, NULL, NULL),
(120, 'Player-1450322343872', 'Player-1907', NULL, NULL, NULL),
(121, 'Player-1450322343880', 'Player-1912', NULL, NULL, NULL),
(122, 'Player-1450322495427', 'Player-3373', NULL, NULL, NULL),
(123, 'Player-1450322495426', 'Player-3379', NULL, NULL, NULL),
(124, 'Player-1450322546951', 'Player-4791', NULL, NULL, NULL),
(125, 'Player-1450322546953', 'Player-4797', NULL, NULL, NULL),
(126, 'Player-1450322639316', 'Player-7384', NULL, NULL, NULL),
(127, 'Player-1450322639312', 'Player-7377', NULL, NULL, NULL),
(128, 'Player-1450323150843', 'Player-8976', NULL, NULL, NULL),
(129, 'Player-1450323150857', 'Player-8982', NULL, NULL, NULL),
(130, 'Player-1450323194773', 'Player-2360', NULL, NULL, NULL),
(131, 'Player-1450323194775', 'Player-2366', NULL, NULL, NULL),
(132, 'Player-1450323711194', 'Player-9008', NULL, NULL, NULL),
(133, 'Player-1450323711202', 'Player-9013', NULL, NULL, NULL),
(134, 'Player-1450324596051', 'Player-3948', NULL, NULL, NULL),
(135, 'Player-1450324596052', 'Player-3952', NULL, NULL, NULL),
(136, 'Player-1450324678967', 'Player-6752', NULL, NULL, NULL),
(137, 'Player-1450324678977', 'Player-6757', NULL, NULL, NULL),
(138, 'Player-1450324697060', 'Player-5092', NULL, NULL, NULL),
(139, 'Player-1450324697062', 'Player-5097', NULL, NULL, NULL),
(140, 'Player-1450324837114', 'Player-5036', NULL, NULL, NULL),
(141, 'Player-1450324837121', 'Player-5041', NULL, NULL, NULL),
(142, 'Player-1450325225987', 'Player-3964', NULL, NULL, NULL),
(144, 'Player-1450325256191', 'Player-3147', NULL, NULL, NULL),
(145, 'Player-1450325256198', 'Player-3152', NULL, NULL, NULL),
(146, 'Player-1450325391647', 'Player-9659', NULL, NULL, NULL),
(147, 'Player-1450325391645', 'Player-9664', NULL, NULL, NULL),
(148, 'Player-1450325662890', 'Player-0640', NULL, NULL, NULL),
(149, 'Player-1450325662891', 'Player-0645', NULL, NULL, NULL),
(150, 'Player-1450326341760', 'Player-9770', NULL, NULL, NULL),
(151, 'Player-1450326341761', 'Player-9775', NULL, NULL, NULL),
(152, 'Player-1450326831893', 'Player-9826', NULL, NULL, NULL),
(153, 'Player-1450326831895', 'Player-9831', NULL, NULL, NULL),
(154, 'Player-1450326916279', 'Player-4274', NULL, NULL, NULL),
(155, 'Player-1450326916282', 'Player-4279', NULL, NULL, NULL),
(156, 'Player-1450326985887', 'Player-3877', NULL, NULL, NULL),
(157, 'Player-1450326985889', 'Player-3882', NULL, NULL, NULL),
(158, 'Player-1450329378380', 'Player-3247', NULL, NULL, NULL),
(159, 'Player-1450329378383', 'Player-3252', NULL, NULL, NULL),
(160, 'Player-1450329514281', 'Player-3247', NULL, NULL, NULL),
(161, 'Player-1450329514284', 'Player-3252', NULL, NULL, NULL),
(162, 'Player-1450331002148', 'Player-9666', NULL, NULL, NULL),
(163, 'Player-1450331002151', 'Player-9672', NULL, NULL, NULL),
(164, 'Player-1450331029832', 'Player-7774', NULL, NULL, NULL),
(165, 'Player-1450331029845', 'Player-7779', NULL, NULL, NULL),
(166, 'Player-1450331057292', 'Player-4882', NULL, NULL, NULL),
(167, 'Player-1450331057302', 'Player-4887', NULL, NULL, NULL),
(168, 'Player-1450331120920', 'Player-8898', NULL, NULL, NULL),
(169, 'Player-1450331120919', 'Player-8904', NULL, NULL, NULL),
(170, 'Player-1450331165632', 'Player-3128', NULL, NULL, NULL),
(171, 'Player-1450331165641', 'Player-3134', NULL, NULL, NULL),
(172, 'Player-1450331181998', 'Player-7141', NULL, NULL, NULL),
(173, 'Player-1450331182000', 'Player-7146', NULL, NULL, NULL),
(174, 'Player-1450331181995', 'Player-0111', NULL, NULL, NULL),
(175, 'Player-1450331226999', 'Player-1275', NULL, NULL, NULL),
(176, 'Player-1450331227004', 'Player-1280', NULL, NULL, NULL),
(177, 'Player-1450331227003', 'Player-3534', NULL, NULL, NULL),
(178, 'Player-1450331227008', 'Player-4174', NULL, NULL, NULL),
(179, 'Player-1450331413467', 'Player-1078', NULL, NULL, NULL),
(180, 'Player-1450331413465', 'Player-1084', NULL, NULL, NULL),
(181, 'Player-1450337931966', 'Player-8471', NULL, NULL, NULL),
(182, 'Player-1450337931964', 'Player-8473', NULL, NULL, NULL),
(183, 'Player-1450347793588', 'Player-4588', NULL, NULL, NULL),
(184, 'Player-1450347793586', 'Player-1500', NULL, NULL, NULL),
(185, 'Player-1450347793590', 'Player-0151', NULL, NULL, NULL),
(186, 'Player-1450347793583', 'Player-4587', NULL, NULL, NULL),
(187, 'Player-1450349168920', 'Player-6576', NULL, NULL, NULL),
(188, 'Player-1450349168929', 'Player-6583', NULL, NULL, NULL),
(189, 'Player-1450349257109', 'Player-4771', NULL, NULL, NULL),
(190, 'Player-1450349257107', 'Player-4777', NULL, NULL, NULL),
(191, 'Player-1450349631666', 'Player-9478', NULL, NULL, NULL),
(192, 'Player-1450349631669', 'Player-9485', NULL, NULL, NULL),
(193, 'Player-1450349659177', 'Player-6998', NULL, NULL, NULL),
(194, 'Player-1450349659179', 'Player-7066', NULL, NULL, NULL),
(195, 'Player-1450350069680', 'Player-7373', NULL, NULL, NULL),
(196, 'Player-1450350069681', 'Player-7381', NULL, NULL, NULL),
(197, 'Player-1450350094144', 'Player-1403', NULL, NULL, NULL),
(198, 'Player-1450350094149', 'Player-1411', NULL, NULL, NULL),
(199, 'Player-1450350131172', 'Player-8797', NULL, NULL, NULL),
(200, 'Player-1450350131184', 'Player-8832', NULL, NULL, NULL),
(201, 'Player-1450350175549', 'Player-', NULL, NULL, NULL),
(202, 'Player-1450350175557', 'Player-', NULL, NULL, NULL),
(203, 'Player-1450350895441', 'Player-', NULL, NULL, NULL),
(204, 'Player-1450350895450', 'Player-', NULL, NULL, NULL),
(205, 'Player-1450351108826', 'fsdfsdf', NULL, NULL, NULL),
(206, 'Player-1450351108829', 'gfhfgfhfg', NULL, NULL, NULL),
(207, 'Player-1450351685168', 'fdgfdgdfg', NULL, NULL, NULL),
(208, 'Player-1450351685181', 'dfgdfgdfg', NULL, NULL, NULL),
(209, 'Player-1450351763872', 'Maksim', NULL, NULL, NULL),
(210, 'Player-1450351763870', 'Afdfd', NULL, NULL, NULL);

-- --------------------------------------------------------

--
-- Table structure for table `player_move`
--

CREATE TABLE IF NOT EXISTS `player_move` (
  `Player_Move_ID` int(11) NOT NULL AUTO_INCREMENT,
  `Player_ID` int(11) NOT NULL,
  `Game_ID` int(11) NOT NULL,
  `Timer` timestamp NOT NULL DEFAULT CURRENT_TIMESTAMP ON UPDATE CURRENT_TIMESTAMP,
  `Move_X` int(11) NOT NULL,
  `Move_Y` int(11) NOT NULL,
  PRIMARY KEY (`Player_Move_ID`),
  KEY `idx_Player_Move_Player_ID` (`Player_ID`),
  KEY `idx_Player_Move_Game_ID` (`Game_ID`)
) ENGINE=InnoDB  DEFAULT CHARSET=utf8 AUTO_INCREMENT=243 ;

--
-- Dumping data for table `player_move`
--

INSERT INTO `player_move` (`Player_Move_ID`, `Player_ID`, `Game_ID`, `Timer`, `Move_X`, `Move_Y`) VALUES
(1, 127, 73, '2015-12-17 03:24:04', 27, 4),
(2, 131, 75, '2015-12-17 03:33:20', 29, 4),
(3, 130, 75, '2015-12-17 03:33:22', 30, 4),
(4, 131, 75, '2015-12-17 03:33:24', 29, 5),
(5, 130, 75, '2015-12-17 03:33:26', 40, 5),
(6, 131, 75, '2015-12-17 03:33:28', 19, 6),
(7, 130, 75, '2015-12-17 03:34:02', 29, 6),
(8, 131, 75, '2015-12-17 03:34:04', 30, 6),
(9, 133, 76, '2015-12-17 03:41:56', 28, 5),
(10, 132, 76, '2015-12-17 03:41:58', 29, 5),
(11, 133, 76, '2015-12-17 03:41:59', 28, 6),
(12, 132, 76, '2015-12-17 03:42:01', 29, 6),
(13, 133, 76, '2015-12-17 03:42:02', 28, 7),
(14, 132, 76, '2015-12-17 03:42:04', 29, 7),
(15, 133, 76, '2015-12-17 03:42:07', 28, 8),
(16, 132, 76, '2015-12-17 03:42:08', 29, 8),
(17, 133, 76, '2015-12-17 03:42:10', 28, 9),
(18, 137, 78, '2015-12-17 03:58:05', 28, 4),
(19, 136, 78, '2015-12-17 03:58:08', 29, 4),
(20, 137, 78, '2015-12-17 03:58:10', 28, 5),
(21, 139, 79, '2015-12-17 03:58:25', 28, 5),
(22, 139, 79, '2015-12-17 03:58:28', 29, 5),
(23, 138, 79, '2015-12-17 03:58:33', 28, 6),
(24, 139, 79, '2015-12-17 03:58:37', 29, 6),
(25, 138, 79, '2015-12-17 03:58:43', 28, 7),
(26, 139, 79, '2015-12-17 03:58:48', 29, 7),
(27, 138, 79, '2015-12-17 03:58:53', 28, 8),
(28, 139, 79, '2015-12-17 03:59:12', 29, 8),
(29, 138, 79, '2015-12-17 03:59:23', 28, 9),
(30, 141, 80, '2015-12-17 04:00:42', 27, 5),
(31, 140, 80, '2015-12-17 04:01:00', 28, 5),
(32, 141, 80, '2015-12-17 04:01:04', 27, 6),
(33, 140, 80, '2015-12-17 04:01:06', 28, 6),
(34, 141, 80, '2015-12-17 04:01:09', 27, 7),
(35, 140, 80, '2015-12-17 04:01:15', 28, 7),
(36, 141, 80, '2015-12-17 04:01:17', 27, 8),
(37, 140, 80, '2015-12-17 04:01:20', 28, 8),
(38, 141, 80, '2015-12-17 04:01:22', 27, 9),
(39, 147, 82, '2015-12-17 04:10:02', 29, 4),
(40, 146, 82, '2015-12-17 04:10:04', 30, 4),
(41, 147, 82, '2015-12-17 04:10:05', 29, 5),
(42, 146, 82, '2015-12-17 04:10:07', 30, 5),
(43, 147, 82, '2015-12-17 04:10:09', 29, 6),
(44, 146, 82, '2015-12-17 04:10:10', 30, 6),
(45, 147, 82, '2015-12-17 04:10:12', 29, 7),
(46, 146, 82, '2015-12-17 04:10:13', 30, 7),
(47, 147, 82, '2015-12-17 04:10:14', 29, 8),
(48, 149, 83, '2015-12-17 04:14:30', 27, 4),
(49, 148, 83, '2015-12-17 04:14:32', 28, 4),
(50, 149, 83, '2015-12-17 04:14:34', 27, 5),
(51, 148, 83, '2015-12-17 04:14:36', 28, 5),
(52, 149, 83, '2015-12-17 04:14:38', 27, 6),
(53, 148, 83, '2015-12-17 04:14:39', 28, 6),
(54, 149, 83, '2015-12-17 04:14:41', 27, 7),
(55, 148, 83, '2015-12-17 04:14:43', 28, 7),
(56, 149, 83, '2015-12-17 04:14:45', 27, 8),
(57, 151, 84, '2015-12-17 04:25:49', 27, 4),
(58, 150, 84, '2015-12-17 04:25:51', 28, 4),
(59, 151, 84, '2015-12-17 04:25:53', 27, 5),
(60, 150, 84, '2015-12-17 04:25:55', 28, 5),
(61, 151, 84, '2015-12-17 04:25:56', 27, 6),
(62, 150, 84, '2015-12-17 04:25:58', 28, 6),
(63, 151, 84, '2015-12-17 04:25:59', 27, 7),
(64, 150, 84, '2015-12-17 04:26:00', 28, 7),
(65, 151, 84, '2015-12-17 04:26:05', 27, 8),
(66, 157, 87, '2015-12-17 04:36:39', 27, 5),
(67, 156, 87, '2015-12-17 04:36:42', 28, 5),
(68, 157, 87, '2015-12-17 04:36:44', 27, 6),
(69, 156, 87, '2015-12-17 04:36:46', 28, 6),
(70, 157, 87, '2015-12-17 04:36:48', 27, 7),
(71, 156, 87, '2015-12-17 04:36:49', 28, 7),
(72, 157, 87, '2015-12-17 04:36:51', 27, 8),
(73, 159, 88, '2015-12-17 05:16:27', 27, 5),
(74, 158, 88, '2015-12-17 05:16:30', 28, 5),
(75, 159, 88, '2015-12-17 05:16:34', 27, 6),
(76, 158, 88, '2015-12-17 05:16:36', 28, 6),
(77, 159, 88, '2015-12-17 05:16:38', 27, 7),
(78, 158, 88, '2015-12-17 05:16:39', 28, 7),
(79, 159, 88, '2015-12-17 05:16:41', 27, 8),
(80, 158, 88, '2015-12-17 05:16:43', 28, 8),
(81, 159, 88, '2015-12-17 05:16:44', 27, 9),
(82, 161, 89, '2015-12-17 05:22:32', 25, 4),
(83, 160, 89, '2015-12-17 05:22:45', 27, 12),
(84, 161, 89, '2015-12-17 05:22:46', 20, 10),
(85, 160, 89, '2015-12-17 05:22:47', 30, 7),
(86, 161, 89, '2015-12-17 05:22:49', 21, 14),
(87, 160, 89, '2015-12-17 05:23:56', 29, 11),
(88, 161, 89, '2015-12-17 05:23:57', 32, 13),
(89, 160, 89, '2015-12-17 05:23:58', 31, 10),
(90, 161, 89, '2015-12-17 05:23:59', 27, 15),
(91, 160, 89, '2015-12-17 05:24:00', 24, 16),
(92, 161, 89, '2015-12-17 05:24:02', 17, 15),
(93, 160, 89, '2015-12-17 05:24:03', 19, 8),
(94, 161, 89, '2015-12-17 05:24:04', 24, 10),
(95, 160, 89, '2015-12-17 05:24:05', 26, 12),
(96, 161, 89, '2015-12-17 05:24:06', 23, 12),
(97, 160, 89, '2015-12-17 05:24:08', 30, 15),
(98, 161, 89, '2015-12-17 05:24:09', 40, 10),
(99, 160, 89, '2015-12-17 05:24:10', 39, 21),
(100, 161, 89, '2015-12-17 05:24:11', 31, 18),
(101, 160, 89, '2015-12-17 05:24:12', 15, 12),
(102, 161, 89, '2015-12-17 05:24:13', 15, 5),
(103, 160, 89, '2015-12-17 05:24:15', 24, 8),
(104, 171, 94, '2015-12-17 05:46:10', 28, 7),
(105, 170, 94, '2015-12-17 05:46:14', 29, 7),
(106, 174, 95, '2015-12-17 05:46:42', 27, 4),
(107, 173, 95, '2015-12-17 05:46:52', 28, 4),
(108, 172, 95, '2015-12-17 05:46:55', 27, 5),
(109, 174, 95, '2015-12-17 05:46:56', 28, 5),
(110, 178, 96, '2015-12-17 05:47:13', 39, 6),
(111, 176, 96, '2015-12-17 05:47:15', 28, 7),
(112, 176, 96, '2015-12-17 05:47:16', 37, 9),
(113, 177, 96, '2015-12-17 05:48:01', 29, 7),
(114, 177, 96, '2015-12-17 05:48:04', 28, 8),
(115, 175, 96, '2015-12-17 05:48:05', 29, 8),
(116, 178, 96, '2015-12-17 05:48:07', 28, 9),
(117, 176, 96, '2015-12-17 05:48:08', 33, 10),
(118, 177, 96, '2015-12-17 05:48:10', 38, 12),
(119, 175, 96, '2015-12-17 05:48:12', 29, 9),
(120, 178, 96, '2015-12-17 05:48:14', 38, 9),
(121, 176, 96, '2015-12-17 05:48:17', 30, 7),
(122, 177, 96, '2015-12-17 05:48:20', 39, 12),
(123, 175, 96, '2015-12-17 05:48:22', 29, 10),
(124, 178, 96, '2015-12-17 05:48:25', 39, 9),
(125, 176, 96, '2015-12-17 05:48:27', 31, 7),
(126, 177, 96, '2015-12-17 05:48:30', 37, 12),
(127, 175, 96, '2015-12-17 05:48:32', 29, 11),
(128, 175, 96, '2015-12-17 05:48:35', 36, 9),
(129, 180, 97, '2015-12-17 05:50:20', 28, 5),
(130, 179, 97, '2015-12-17 05:50:22', 31, 5),
(131, 180, 97, '2015-12-17 05:50:23', 39, 7),
(132, 179, 97, '2015-12-17 05:50:25', 42, 11),
(133, 180, 97, '2015-12-17 05:50:27', 34, 13),
(134, 182, 98, '2015-12-17 07:38:55', 28, 7),
(135, 181, 98, '2015-12-17 07:38:56', 29, 7),
(136, 184, 99, '2015-12-17 10:23:18', 27, 5),
(137, 185, 99, '2015-12-17 10:23:19', 28, 5),
(138, 186, 99, '2015-12-17 10:23:21', 27, 6),
(139, 183, 99, '2015-12-17 10:23:23', 28, 6),
(140, 184, 99, '2015-12-17 10:23:25', 27, 7),
(141, 185, 99, '2015-12-17 10:23:26', 28, 7),
(142, 186, 99, '2015-12-17 10:23:28', 27, 8),
(143, 183, 99, '2015-12-17 10:23:31', 28, 8),
(144, 184, 99, '2015-12-17 10:23:33', 25, 6),
(145, 185, 99, '2015-12-17 10:23:34', 32, 7),
(146, 186, 99, '2015-12-17 10:23:35', 24, 9),
(147, 183, 99, '2015-12-17 10:23:37', 31, 9),
(148, 184, 99, '2015-12-17 10:23:39', 35, 11),
(149, 185, 99, '2015-12-17 10:23:40', 28, 18),
(150, 186, 99, '2015-12-17 10:23:41', 34, 26),
(151, 183, 99, '2015-12-17 10:23:43', 28, 27),
(152, 184, 99, '2015-12-17 10:23:44', 33, 15),
(153, 185, 99, '2015-12-17 10:23:46', 32, 19),
(154, 186, 99, '2015-12-17 10:23:48', 32, 31),
(155, 183, 99, '2015-12-17 10:23:51', 35, 26),
(156, 184, 99, '2015-12-17 10:23:52', 37, 13),
(157, 185, 99, '2015-12-17 10:23:53', 28, 23),
(158, 186, 99, '2015-12-17 10:23:55', 23, 28),
(159, 183, 99, '2015-12-17 10:23:56', 29, 34),
(160, 184, 99, '2015-12-17 10:23:57', 39, 25),
(161, 185, 99, '2015-12-17 10:23:59', 39, 18),
(162, 186, 99, '2015-12-17 10:24:01', 31, 16),
(163, 183, 99, '2015-12-17 10:24:37', 40, 17),
(164, 184, 99, '2015-12-17 10:24:39', 44, 26),
(165, 185, 99, '2015-12-17 10:24:41', 44, 12),
(166, 186, 99, '2015-12-17 10:24:42', 40, 13),
(167, 183, 99, '2015-12-17 10:24:52', 33, 12),
(168, 190, 101, '2015-12-17 10:47:44', 28, 5),
(169, 189, 101, '2015-12-17 10:49:03', 26, 7),
(170, 190, 101, '2015-12-17 10:49:07', 32, 15),
(171, 189, 101, '2015-12-17 10:49:11', 34, 10),
(172, 190, 101, '2015-12-17 10:49:14', 41, 16),
(173, 189, 101, '2015-12-17 10:49:15', 37, 29),
(174, 194, 103, '2015-12-17 10:54:23', 28, 6),
(175, 193, 103, '2015-12-17 10:54:25', 31, 6),
(176, 194, 103, '2015-12-17 10:54:29', 35, 7),
(177, 193, 103, '2015-12-17 10:54:33', 34, 7),
(178, 194, 103, '2015-12-17 10:54:34', 36, 7),
(179, 193, 103, '2015-12-17 10:54:43', 36, 9),
(180, 194, 103, '2015-12-17 10:54:45', 37, 10),
(181, 193, 103, '2015-12-17 10:54:47', 36, 11),
(182, 194, 103, '2015-12-17 10:54:49', 34, 11),
(183, 193, 103, '2015-12-17 10:54:52', 35, 10),
(184, 194, 103, '2015-12-17 10:54:54', 34, 16),
(185, 193, 103, '2015-12-17 10:55:02', 33, 16),
(186, 198, 105, '2015-12-17 11:01:38', 27, 7),
(187, 197, 105, '2015-12-17 11:01:41', 36, 19),
(188, 198, 105, '2015-12-17 11:01:44', 27, 15),
(189, 197, 105, '2015-12-17 11:01:48', 39, 8),
(190, 198, 105, '2015-12-17 11:01:49', 36, 10),
(191, 197, 105, '2015-12-17 11:01:54', 32, 21),
(192, 198, 105, '2015-12-17 11:01:58', 32, 23),
(193, 200, 106, '2015-12-17 11:02:15', 30, 11),
(194, 199, 106, '2015-12-17 11:02:18', 34, 17),
(195, 200, 106, '2015-12-17 11:02:19', 36, 16),
(196, 199, 106, '2015-12-17 11:02:21', 29, 19),
(197, 200, 106, '2015-12-17 11:02:23', 34, 20),
(198, 199, 106, '2015-12-17 11:02:27', 27, 28),
(199, 202, 107, '2015-12-17 11:03:03', 29, 20),
(200, 201, 107, '2015-12-17 11:03:05', 30, 20),
(201, 202, 107, '2015-12-17 11:03:07', 31, 20),
(202, 201, 107, '2015-12-17 11:03:41', 30, 21),
(203, 202, 107, '2015-12-17 11:03:43', 32, 20),
(204, 201, 107, '2015-12-17 11:03:51', 31, 19),
(205, 202, 107, '2015-12-17 11:04:07', 32, 19),
(206, 201, 107, '2015-12-17 11:04:09', 30, 19),
(207, 202, 107, '2015-12-17 11:04:10', 31, 21),
(208, 201, 107, '2015-12-17 11:04:12', 30, 22),
(209, 202, 107, '2015-12-17 11:04:14', 32, 18),
(210, 201, 107, '2015-12-17 11:04:15', 30, 18),
(211, 204, 108, '2015-12-17 11:14:59', 29, 5),
(212, 203, 108, '2015-12-17 11:15:02', 30, 5),
(213, 204, 108, '2015-12-17 11:15:03', 29, 6),
(214, 203, 108, '2015-12-17 11:15:04', 30, 6),
(215, 204, 108, '2015-12-17 11:15:06', 29, 7),
(216, 203, 108, '2015-12-17 11:15:07', 30, 7),
(217, 204, 108, '2015-12-17 11:15:09', 29, 8),
(218, 203, 108, '2015-12-17 11:15:10', 30, 8),
(219, 204, 108, '2015-12-17 11:15:17', 29, 9),
(220, 206, 109, '2015-12-17 11:18:33', 28, 5),
(221, 205, 109, '2015-12-17 11:18:34', 29, 5),
(222, 206, 109, '2015-12-17 11:18:36', 28, 6),
(223, 205, 109, '2015-12-17 11:18:37', 29, 6),
(224, 206, 109, '2015-12-17 11:18:39', 28, 7),
(225, 205, 109, '2015-12-17 11:18:40', 29, 7),
(226, 206, 109, '2015-12-17 11:18:42', 28, 8),
(227, 205, 109, '2015-12-17 11:18:43', 29, 8),
(228, 206, 109, '2015-12-17 11:18:45', 28, 9),
(229, 208, 110, '2015-12-17 11:28:16', 28, 7),
(230, 207, 110, '2015-12-17 11:28:20', 29, 7),
(231, 208, 110, '2015-12-17 11:28:22', 28, 8),
(232, 207, 110, '2015-12-17 11:28:25', 29, 8),
(233, 208, 110, '2015-12-17 11:28:40', 28, 9),
(234, 207, 110, '2015-12-17 11:28:42', 29, 9),
(235, 208, 110, '2015-12-17 11:28:50', 28, 10),
(236, 207, 110, '2015-12-17 11:28:52', 29, 10),
(237, 210, 111, '2015-12-17 11:29:29', 28, 4),
(238, 209, 111, '2015-12-17 11:29:32', 29, 4),
(239, 210, 111, '2015-12-17 11:29:34', 28, 5),
(240, 209, 111, '2015-12-17 11:29:36', 29, 5),
(241, 210, 111, '2015-12-17 11:29:39', 28, 6),
(242, 209, 111, '2015-12-17 11:29:45', 29, 6);

-- --------------------------------------------------------

--
-- Table structure for table `player_opponent_games`
--

CREATE TABLE IF NOT EXISTS `player_opponent_games` (
  `Player_opponent_games_ID` int(11) NOT NULL AUTO_INCREMENT,
  `Player_ID` int(11) NOT NULL,
  `Game_ID` int(11) NOT NULL,
  `Player2_ID` int(11) NOT NULL,
  PRIMARY KEY (`Player_opponent_games_ID`),
  KEY `FK_Player_opponent_games_Player_ID` (`Player_ID`),
  KEY `FK_Player_opponent_games_Player2_ID` (`Player2_ID`),
  KEY `FK_Player_opponent_games_Game_ID` (`Game_ID`)
) ENGINE=InnoDB  DEFAULT CHARSET=utf8 AUTO_INCREMENT=99 ;

--
-- Dumping data for table `player_opponent_games`
--

INSERT INTO `player_opponent_games` (`Player_opponent_games_ID`, `Player_ID`, `Game_ID`, `Player2_ID`) VALUES
(6, 6, 21, 7),
(7, 8, 22, 9),
(8, 10, 23, 11),
(9, 14, 24, 15),
(10, 16, 25, 17),
(11, 18, 26, 19),
(12, 20, 27, 21),
(13, 22, 28, 23),
(14, 24, 29, 25),
(15, 26, 30, 27),
(16, 28, 31, 29),
(17, 30, 32, 31),
(18, 32, 33, 33),
(19, 34, 34, 35),
(20, 36, 35, 37),
(21, 38, 36, 39),
(22, 40, 37, 41),
(23, 42, 38, 43),
(24, 44, 39, 45),
(25, 48, 40, 49),
(26, 50, 41, 51),
(27, 52, 42, 53),
(28, 54, 43, 55),
(29, 56, 44, 57),
(30, 58, 45, 59),
(31, 60, 46, 61),
(32, 62, 47, 63),
(33, 64, 48, 65),
(34, 66, 49, 67),
(35, 68, 50, 69),
(36, 70, 51, 71),
(37, 72, 52, 73),
(38, 74, 53, 75),
(39, 76, 54, 77),
(40, 80, 55, 81),
(41, 82, 56, 83),
(42, 84, 57, 85),
(43, 88, 58, 89),
(44, 90, 59, 91),
(45, 94, 60, 95),
(46, 100, 61, 101),
(47, 102, 62, 103),
(48, 104, 63, 105),
(49, 106, 64, 107),
(50, 108, 65, 109),
(51, 110, 66, 111),
(52, 112, 67, 113),
(53, 116, 68, 117),
(54, 118, 69, 119),
(55, 120, 70, 121),
(56, 122, 71, 123),
(57, 124, 72, 125),
(58, 126, 73, 127),
(59, 128, 74, 129),
(60, 130, 75, 131),
(61, 132, 76, 133),
(62, 134, 77, 135),
(63, 136, 78, 137),
(64, 138, 79, 139),
(65, 140, 80, 141),
(66, 144, 81, 145),
(67, 146, 82, 147),
(68, 148, 83, 149),
(69, 150, 84, 151),
(70, 152, 85, 153),
(71, 154, 86, 155),
(72, 156, 87, 157),
(73, 7, 87, 8),
(74, 158, 88, 159),
(75, 160, 89, 161),
(76, 170, 94, 171),
(77, 172, 95, 173),
(78, 172, 95, 174),
(79, 175, 96, 177),
(80, 175, 96, 176),
(81, 175, 96, 178),
(82, 179, 97, 180),
(83, 181, 98, 182),
(84, 183, 99, 186),
(85, 183, 99, 185),
(86, 183, 99, 184),
(87, 187, 100, 188),
(88, 189, 101, 190),
(89, 191, 102, 192),
(90, 193, 103, 194),
(91, 195, 104, 196),
(92, 197, 105, 198),
(93, 199, 106, 200),
(94, 201, 107, 202),
(95, 203, 108, 204),
(96, 205, 109, 206),
(97, 207, 110, 208),
(98, 209, 111, 210);

--
-- Constraints for dumped tables
--

--
-- Constraints for table `game_tile_image`
--
ALTER TABLE `game_tile_image`
  ADD CONSTRAINT `FK_Game_Tile_Image_Game_Tile_ID` FOREIGN KEY (`Game_Tile_ID`) REFERENCES `game_tile` (`Game_Tile_ID`) ON DELETE NO ACTION ON UPDATE CASCADE;

--
-- Constraints for table `game_world`
--
ALTER TABLE `game_world`
  ADD CONSTRAINT `FK_Game_ID` FOREIGN KEY (`Game_ID`) REFERENCES `game` (`Game_ID`) ON DELETE NO ACTION ON UPDATE NO ACTION,
  ADD CONSTRAINT `FK_Player_opponent_games_ID` FOREIGN KEY (`Player_opponent_games_ID`) REFERENCES `player_opponent_games` (`Player_opponent_games_ID`) ON DELETE NO ACTION ON UPDATE NO ACTION;

--
-- Constraints for table `game_world_tiles`
--
ALTER TABLE `game_world_tiles`
  ADD CONSTRAINT `FK_Game_World_ID` FOREIGN KEY (`Game_World_ID`) REFERENCES `game_world` (`Game_World_ID`) ON DELETE NO ACTION ON UPDATE NO ACTION,
  ADD CONSTRAINT `FK_Game_World_Tile_ID` FOREIGN KEY (`Game_Tile_ID`) REFERENCES `game_tile` (`Game_Tile_ID`) ON DELETE NO ACTION ON UPDATE NO ACTION;

--
-- Constraints for table `player_move`
--
ALTER TABLE `player_move`
  ADD CONSTRAINT `FK_Player_Move_Game_ID` FOREIGN KEY (`Game_ID`) REFERENCES `game` (`Game_ID`) ON DELETE NO ACTION ON UPDATE NO ACTION,
  ADD CONSTRAINT `FK_Player_Move_Player_ID` FOREIGN KEY (`Player_ID`) REFERENCES `player` (`Player_ID`) ON DELETE NO ACTION ON UPDATE NO ACTION;

--
-- Constraints for table `player_opponent_games`
--
ALTER TABLE `player_opponent_games`
  ADD CONSTRAINT `player_opponent_games_ibfk_2` FOREIGN KEY (`Game_ID`) REFERENCES `game` (`Game_ID`) ON DELETE NO ACTION ON UPDATE NO ACTION,
  ADD CONSTRAINT `FK_Player_opponent_games_Player_ID` FOREIGN KEY (`Player_ID`) REFERENCES `player` (`Player_ID`) ON DELETE NO ACTION ON UPDATE NO ACTION,
  ADD CONSTRAINT `player_opponent_games_ibfk_1` FOREIGN KEY (`Player2_ID`) REFERENCES `player` (`Player_ID`) ON DELETE NO ACTION ON UPDATE NO ACTION;

/*!40101 SET CHARACTER_SET_CLIENT=@OLD_CHARACTER_SET_CLIENT */;
/*!40101 SET CHARACTER_SET_RESULTS=@OLD_CHARACTER_SET_RESULTS */;
/*!40101 SET COLLATION_CONNECTION=@OLD_COLLATION_CONNECTION */;
